drug_id,drug_name,n,spearman_rho,p_value,note
1017,Olaparib,847,0.07641103885830813,0.02616335904489676,
1175,Rucaparib,918,0.06416848977555563,0.05194802327940732,
1259,Talazoparib,912,0.043544430305176844,0.1889025302856041,
1030,KU-55933,845,0.03735472785292265,0.2780849411848089,
1022,AZD7762,846,0.030106371873201535,0.38180256261130996,
