drug_id,drug_name,n,n_sensitive,cv_auc_mean,cv_auc_std,note
1017,Olaparib,847,212,0.5287144339515699,0.02210780825334338,
1175,Rucaparib,918,230,0.5098514849208211,0.010153633151522557,
1259,Talazoparib,912,228,0.48293053559094223,0.006008027973430613,
1030,KU-55933,845,212,0.5147997488686007,0.011019482104749036,
1022,AZD7762,846,212,0.49822231523385163,0.006251748924372366,
